-- categoriesテーブル
INSERT IGNORE INTO categories (id, name) VALUES (1, '和食');
INSERT IGNORE INTO categories (id, name) VALUES (2, '日本料理');
INSERT IGNORE INTO categories (id, name) VALUES (3, '中華料理');
INSERT IGNORE INTO categories (id, name) VALUES (4, 'イタリアン');
INSERT IGNORE INTO categories (id, name) VALUES (5, '韓国料理');
INSERT IGNORE INTO categories (id, name) VALUES (6, 'ラーメン');
INSERT IGNORE INTO categories (id, name) VALUES (7, 'そば');
INSERT IGNORE INTO categories (id, name) VALUES (8, 'うどん');
INSERT IGNORE INTO categories (id, name) VALUES (9, 'パスタ');
INSERT IGNORE INTO categories (id, name) VALUES (10, '焼肉');
INSERT IGNORE INTO categories (id, name) VALUES (11, '寿司');
INSERT IGNORE INTO categories (id, name) VALUES (12, 'カレー');
INSERT IGNORE INTO categories (id, name) VALUES (13, 'しゃぶしゃぶ');
INSERT IGNORE INTO categories (id, name) VALUES (14, '焼き鳥');
INSERT IGNORE INTO categories (id, name) VALUES (15, '海鮮・魚介');
INSERT IGNORE INTO categories (id, name) VALUES (16, 'みそカツ');
INSERT IGNORE INTO categories (id, name) VALUES (17, 'きしめん');



-- storesテーブル
INSERT IGNORE INTO stores (id, name, image_name, description, price, openinghoures_start, openinghoures_end, holiday, address, phone_number) VALUES (1, '伝', 'store01.jpg', '名古屋が誇る名店です。是非ご賞味ください。', 4000, '14:00', '22:00', '1', '名古屋市西五条南X-XX-XX', '012-345-678');
INSERT IGNORE INTO stores (id, name, image_name, description, price, openinghoures_start, openinghoures_end, holiday, address, phone_number) VALUES (2, '伝', 'store01.jpg', '名古屋が誇る名店です。是非ご賞味ください。', 6000, '17:00', '21:00', '2', '名古屋市西五条南X-XX-XX', '012-345-678');
INSERT IGNORE INTO stores (id, name, image_name, description, price, openinghoures_start, openinghoures_end, holiday, address, phone_number) VALUES (3, '伝', 'store01.jpg', '名古屋が誇る名店です。是非ご賞味ください。', 8000, '16:00', '22:00', '3', '名古屋市西五条南X-XX-XX', '012-345-678');
INSERT IGNORE INTO stores (id, name, image_name, description, price, openinghoures_start, openinghoures_end, holiday, address, phone_number) VALUES (4, '伝', 'store01.jpg', '名古屋が誇る名店です。是非ご賞味ください。', 1000, '18:00', '22:00', '4', '名古屋市西五条南X-XX-XX', '012-345-678');
INSERT IGNORE INTO stores (id, name, image_name, description, price, openinghoures_start, openinghoures_end, holiday, address, phone_number) VALUES (5, '伝', 'store01.jpg', '名古屋が誇る名店です。是非ご賞味ください。', 1500, '14:00', '23:00', '5', '名古屋市西五条南X-XX-XX', '012-345-678');
INSERT IGNORE INTO stores (id, name, image_name, description, price, openinghoures_start, openinghoures_end, holiday, address, phone_number) VALUES (6, '伝', 'store01.jpg', '名古屋が誇る名店です。是非ご賞味ください。', 4000, '14:00', '22:00', '6', '名古屋市西五条南X-XX-XX', '012-345-678');
INSERT IGNORE INTO stores (id, name, image_name, description, price, openinghoures_start, openinghoures_end, holiday, address, phone_number) VALUES (7, '伝', 'store01.jpg', '名古屋が誇る名店です。是非ご賞味ください。', 8500, '18:00', '22:00', '7', '名古屋市西五条南X-XX-XX', '012-345-678');
INSERT IGNORE INTO stores (id, name, image_name, description, price, openinghoures_start, openinghoures_end, holiday, address, phone_number) VALUES (8, '伝', 'store01.jpg', '名古屋が誇る名店です。是非ご賞味ください。', 30000, '19:00', '23:00', '1', '名古屋市西五条南X-XX-XX', '012-345-678');
INSERT IGNORE INTO stores (id, name, image_name, description, price, openinghoures_start, openinghoures_end, holiday, address, phone_number) VALUES (9, '伝', 'store01.jpg', '名古屋が誇る名店です。是非ご賞味ください。', 15000, '13:00', '22:00', '2', '名古屋市西五条南X-XX-XX', '012-345-678');
INSERT IGNORE INTO stores (id, name, image_name, description, price, openinghoures_start, openinghoures_end, holiday, address, phone_number) VALUES (10, '伝', 'store01.jpg', '名古屋が誇る名店です。是非ご賞味ください。', 2000, '11:00', '23:00', '3', '名古屋市西五条南X-XX-XX', '012-345-678');
INSERT IGNORE INTO stores (id, name, image_name, description, price, openinghoures_start, openinghoures_end, holiday, address, phone_number) VALUES (11, '伝', 'store01.jpg', '名古屋が誇る名店です。是非ご賞味ください。', 6000, '15:00', '22:00', '4', '名古屋市西五条南X-XX-XX', '012-345-678');
INSERT IGNORE INTO stores (id, name, image_name, description, price, openinghoures_start, openinghoures_end, holiday, address, phone_number) VALUES (12, '伝', 'store01.jpg', '名古屋が誇る名店です。是非ご賞味ください。', 7000, '17:00', '23:00', '5', '名古屋市西五条南X-XX-XX', '012-345-678');
INSERT IGNORE INTO stores (id, name, image_name, description, price, openinghoures_start, openinghoures_end, holiday, address, phone_number) VALUES (13, '伝', 'store01.jpg', '名古屋が誇る名店です。是非ご賞味ください。', 8000, '16:00', '22:00', '6', '名古屋市西五条南X-XX-XX', '012-345-678');
INSERT IGNORE INTO stores (id, name, image_name, description, price, openinghoures_start, openinghoures_end, holiday, address, phone_number) VALUES (14, '伝', 'store01.jpg', '名古屋が誇る名店です。是非ご賞味ください。', 9000, '12:00', '22:00', '7', '名古屋市西五条南X-XX-XX', '012-345-678');
INSERT IGNORE INTO stores (id, name, image_name, description, price, openinghoures_start, openinghoures_end, holiday, address, phone_number) VALUES (15, '伝', 'store01.jpg', '名古屋が誇る名店です。是非ご賞味ください。', 20000, '18:00', '22:00', '1', '名古屋市西五条南X-XX-XX', '012-345-678');
INSERT IGNORE INTO stores (id, name, image_name, description, price, openinghoures_start, openinghoures_end, holiday, address, phone_number) VALUES (16, '伝', 'store01.jpg', '名古屋が誇る名店です。是非ご賞味ください。', 30000, '14:00', '20:00', '2', '名古屋市西五条南X-XX-XX', '012-345-678');
INSERT IGNORE INTO stores (id, name, image_name, description, price, openinghoures_start, openinghoures_end, holiday, address, phone_number) VALUES (17, '伝', 'store01.jpg', '名古屋が誇る名店です。是非ご賞味ください。', 1000, '18:00', '22:00', '3', '名古屋市西五条南X-XX-XX', '012-345-678');
INSERT IGNORE INTO stores (id, name, image_name, description, price, openinghoures_start, openinghoures_end, holiday, address, phone_number) VALUES (18, '伝', 'store01.jpg', '名古屋が誇る名店です。是非ご賞味ください。', 5000, '14:00', '22:00', '4', '名古屋市西五条南X-XX-XX', '012-345-678');
INSERT IGNORE INTO stores (id, name, image_name, description, price, openinghoures_start, openinghoures_end, holiday, address, phone_number) VALUES (19, '伝', 'store01.jpg', '名古屋が誇る名店です。是非ご賞味ください。', 6000, '15:00', '21:00', '5', '名古屋市西五条南X-XX-XX', '012-345-678');
INSERT IGNORE INTO stores (id, name, image_name, description, price, openinghoures_start, openinghoures_end, holiday, address, phone_number) VALUES (20, '伝', 'store01.jpg', '名古屋が誇る名店です。是非ご賞味ください。', 4000, '14:00', '22:00', '6', '名古屋市西五条南X-XX-XX', '012-345-678');



-- store_categoriesテーブル
INSERT IGNORE INTO store_categories (id, store_id, category_id) VALUES (1, 1, 1);
INSERT IGNORE INTO store_categories (id, store_id, category_id) VALUES (2, 1, 2);
INSERT IGNORE INTO store_categories (id, store_id, category_id) VALUES (3, 2, 1);
INSERT IGNORE INTO store_categories (id, store_id, category_id) VALUES (4, 3, 1);
INSERT IGNORE INTO store_categories (id, store_id, category_id) VALUES (5, 4, 1);
INSERT IGNORE INTO store_categories (id, store_id, category_id) VALUES (6, 5, 1);
INSERT IGNORE INTO store_categories (id, store_id, category_id) VALUES (7, 6, 1);
INSERT IGNORE INTO store_categories (id, store_id, category_id) VALUES (8, 7, 1);
INSERT IGNORE INTO store_categories (id, store_id, category_id) VALUES (9, 8, 1);
INSERT IGNORE INTO store_categories (id, store_id, category_id) VALUES (10, 9, 1);
INSERT IGNORE INTO store_categories (id, store_id, category_id) VALUES (11, 10, 1);
INSERT IGNORE INTO store_categories (id, store_id, category_id) VALUES (12, 11, 1);
INSERT IGNORE INTO store_categories (id, store_id, category_id) VALUES (13, 12, 1);
INSERT IGNORE INTO store_categories (id, store_id, category_id) VALUES (14, 13, 1);
INSERT IGNORE INTO store_categories (id, store_id, category_id) VALUES (15, 14, 1);
INSERT IGNORE INTO store_categories (id, store_id, category_id) VALUES (16, 15, 1);
INSERT IGNORE INTO store_categories (id, store_id, category_id) VALUES (17, 16, 1);
INSERT IGNORE INTO store_categories (id, store_id, category_id) VALUES (18, 17, 1);
INSERT IGNORE INTO store_categories (id, store_id, category_id) VALUES (19, 18, 1);
INSERT IGNORE INTO store_categories (id, store_id, category_id) VALUES (20, 19, 1);
INSERT IGNORE INTO store_categories (id, store_id, category_id) VALUES (21, 20, 1);

-- rolesテーブル
INSERT IGNORE INTO roles (id, name) VALUES (1, 'ROLE_GENERAL');
INSERT IGNORE INTO roles (id, name) VALUES (2, 'ROLE_ADMIN');
INSERT IGNORE INTO roles (id, name) VALUES (3, 'ROLE_PREMIUM');

-- usersテーブル
INSERT IGNORE INTO users (id, name, furigana, postal_code, address, phone_number, email, password, role_id, enabled, subscription_id, customer_id) VALUES (1, '田中 太郎', 'タナカ タロウ', '101-0022', '東京都千代田区神田練塀町300番地', '090-1234-5678', 'taro.tanaka@example.com', '$2a$10$2JNjTwZBwo7fprL2X4sv.OEKqxnVtsVQvuXDkI8xVGix.U3W5B7CO', 1, true, '', '');
INSERT IGNORE INTO users (id, name, furigana, postal_code, address, phone_number, email, password, role_id, enabled, subscription_id, customer_id) VALUES (2, '田中 二郎', 'タナカ ジロウ', '101-0022', '東京都千代田区神田練塀町300番地', '090-1234-5678', 'jirou.tanaka@example.com', '$2a$10$2JNjTwZBwo7fprL2X4sv.OEKqxnVtsVQvuXDkI8xVGix.U3W5B7CO', 2, true, '', '');
INSERT IGNORE INTO users (id, name, furigana, postal_code, address, phone_number, email, password, role_id, enabled, subscription_id, customer_id) VALUES (3, '田中 三郎', 'タナカ サブロウ', '638-0644', '奈良県五條市西吉野町湯川X-XX-XX', '090-1234-5678', 'saburou.tanaka@example.com', '$2a$10$2JNjTwZBwo7fprL2X4sv.OEKqxnVtsVQvuXDkI8xVGix.U3W5B7CO', 1, true, '', '');
INSERT IGNORE INTO users (id, name, furigana, postal_code, address, phone_number, email, password, role_id, enabled, subscription_id, customer_id) VALUES (4, '田中 四郎', 'タナカ シロウ', '342-0006', '埼玉県吉川市南広島X-XX-XX', '090-1234-5678', 'shirou.tanaka@example.com', 'password', 1, false, '', '');
INSERT IGNORE INTO users (id, name, furigana, postal_code, address, phone_number, email, password, role_id, enabled, subscription_id, customer_id) VALUES (5, '田中 五郎', 'タナカ ゴロウ', '527-0209', '滋賀県東近江市佐目町X-XX-XX', '090-1234-5678', 'gorou.tanaka@example.com', 'password', 1, false, '', '');
INSERT IGNORE INTO users (id, name, furigana, postal_code, address, phone_number, email, password, role_id, enabled, subscription_id, customer_id) VALUES (6, '佐藤 太郎', 'サトウ タロウ', '989-1203', '宮城県柴田郡大河原町旭町X-XX-XX', '090-1234-5678', 'tarou.satou@example.com', 'password', 1, false, '', '');
INSERT IGNORE INTO users (id, name, furigana, postal_code, address, phone_number, email, password, role_id, enabled, subscription_id, customer_id) VALUES (7, '佐藤 二郎', 'サトウ ジロウ', '951-8015', '新潟県新潟市松岡町X-XX-XX', '090-1234-5678', 'jirou.satou@example.com', 'password', 1, false, '', '');
INSERT IGNORE INTO users (id, name, furigana, postal_code, address, phone_number, email, password, role_id, enabled, subscription_id, customer_id) VALUES (8, '佐藤 三郎', 'サトウ サブロウ', '241-0033', '神奈川県横浜市旭区今川町X-XX-XX', '090-1234-5678', 'saburou.satou@example.com', 'password', 1, false, '', '');
INSERT IGNORE INTO users (id, name, furigana, postal_code, address, phone_number, email, password, role_id, enabled, subscription_id, customer_id) VALUES (9, '佐藤 四郎', 'サトウ シロウ', '739-2103', '広島県東広島市高屋町宮領X-XX-XX', '090-1234-5678', 'shirou.satou@example.com', 'password', 1, false, '', '');
INSERT IGNORE INTO users (id, name, furigana, postal_code, address, phone_number, email, password, role_id, enabled, subscription_id, customer_id) VALUES (10, '佐藤 五郎', 'サトウ ゴロウ', '601-0761', '京都府南丹市美山町高野X-XX-XX', '090-1234-5678', 'gorou.satou@example.com', 'password', 1, false, '', '');
INSERT IGNORE INTO users (id, name, furigana, postal_code, address, phone_number, email, password, role_id, enabled, subscription_id, customer_id) VALUES (11, '中村 太郎', 'ナカムラ タロウ', '606-8235', '京都府京都市左京区田中西春菜町X-XX-XX', '090-1234-5678', 'tarou.nakamura@example.com', 'password', 1, false, '', '');
INSERT IGNORE INTO users (id, name, furigana, postal_code, address, phone_number, email, password, role_id, enabled, subscription_id, customer_id) VALUES (12, '中村 二郎', 'ナカムラ ジロウ', '673-1324', '兵庫県加東市新定X-XX-XX', '090-1234-5678', 'jirou.nakamura@example.com', 'password', 1, false, '', '');
INSERT IGNORE INTO users (id, name, furigana, postal_code, address, phone_number, email, password, role_id, enabled, subscription_id, customer_id) VALUES (13, '中村 三郎', 'ナカムラ サブロウ', '101-0022', '東京都千代田区神田練塀町300番地', '090-1234-5678', 'saburou.nakamura@example.com', '$2a$10$2JNjTwZBwo7fprL2X4sv.OEKqxnVtsVQvuXDkI8xVGix.U3W5B7CO', 1, true, '', '');


-- favoritesテーブル
INSERT IGNORE INTO favorites (id, store_id, user_id) VALUES (1, 1, 1);
INSERT IGNORE INTO favorites (id, store_id, user_id) VALUES (3, 2, 1);
INSERT IGNORE INTO favorites (id, store_id, user_id) VALUES (5, 4, 1);
INSERT IGNORE INTO favorites (id, store_id, user_id) VALUES (6, 5, 1);
INSERT IGNORE INTO favorites (id, store_id, user_id) VALUES (7, 6, 1);
INSERT IGNORE INTO favorites (id, store_id, user_id) VALUES (8, 7, 1);
INSERT IGNORE INTO favorites (id, store_id, user_id) VALUES (9, 8, 1);
INSERT IGNORE INTO favorites (id, store_id, user_id) VALUES (10, 9, 1);
INSERT IGNORE INTO favorites (id, store_id, user_id) VALUES (11, 10, 1);
INSERT IGNORE INTO favorites (id, store_id, user_id) VALUES (12, 11, 1);
INSERT IGNORE INTO favorites (id, store_id, user_id) VALUES (13, 12, 1);
INSERT IGNORE INTO favorites (id, store_id, user_id) VALUES (14, 13, 1);
INSERT IGNORE INTO favorites (id, store_id, user_id) VALUES (15, 14, 1);
INSERT IGNORE INTO favorites (id, store_id, user_id) VALUES (16, 15, 1);
INSERT IGNORE INTO favorites (id, store_id, user_id) VALUES (17, 16, 1);
INSERT IGNORE INTO favorites (id, store_id, user_id) VALUES (18, 17, 1);
INSERT IGNORE INTO favorites (id, store_id, user_id) VALUES (19, 18, 1);
INSERT IGNORE INTO favorites (id, store_id, user_id) VALUES (20, 19, 1);


-- reviewsテーブル
INSERT IGNORE INTO reviews (id, store_id, user_id, evaluation, comment) VALUES (1, 1, 1, 4, '名店と呼ばれるにふさわしい味でした。');
INSERT IGNORE INTO reviews (id, store_id, user_id, evaluation, comment) VALUES (2, 1, 3, 3, '名店と呼ばれるにふさわしい味でした。');
INSERT IGNORE INTO reviews (id, store_id, user_id, evaluation, comment) VALUES (3, 1, 4, 2, '名店と呼ばれるにふさわしい味でした。');
INSERT IGNORE INTO reviews (id, store_id, user_id, evaluation, comment) VALUES (4, 1, 5, 5, '名店と呼ばれるにふさわしい味でした。');
INSERT IGNORE INTO reviews (id, store_id, user_id, evaluation, comment) VALUES (5, 1, 6, 5, '名店と呼ばれるにふさわしい味でした。');
INSERT IGNORE INTO reviews (id, store_id, user_id, evaluation, comment) VALUES (6, 1, 7, 4, '名店と呼ばれるにふさわしい味でした。');
INSERT IGNORE INTO reviews (id, store_id, user_id, evaluation, comment) VALUES (7, 1, 8, 1, '名店と呼ばれるにふさわしい味でした。');
INSERT IGNORE INTO reviews (id, store_id, user_id, evaluation, comment) VALUES (8, 2, 1, 4, '名店と呼ばれるにふさわしい味でした。');
INSERT IGNORE INTO reviews (id, store_id, user_id, evaluation, comment) VALUES (9, 2, 3, 3, '名店と呼ばれるにふさわしい味でした。');
INSERT IGNORE INTO reviews (id, store_id, user_id, evaluation, comment) VALUES (10, 2, 4, 2, '名店と呼ばれるにふさわしい味でした。');
INSERT IGNORE INTO reviews (id, store_id, user_id, evaluation, comment) VALUES (11, 2, 5, 1, '名店と呼ばれるにふさわしい味でした。');
INSERT IGNORE INTO reviews (id, store_id, user_id, evaluation, comment) VALUES (12, 2, 6, 5, '名店と呼ばれるにふさわしい味でした。');
INSERT IGNORE INTO reviews (id, store_id, user_id, evaluation, comment) VALUES (13, 2, 7, 4, '名店と呼ばれるにふさわしい味でした。');
INSERT IGNORE INTO reviews (id, store_id, user_id, evaluation, comment) VALUES (14, 2, 8, 4, '名店と呼ばれるにふさわしい味でした。');
INSERT IGNORE INTO reviews (id, store_id, user_id, evaluation, comment) VALUES (15, 3, 1, 5, '名店と呼ばれるにふさわしい味でした。');
INSERT IGNORE INTO reviews (id, store_id, user_id, evaluation, comment) VALUES (16, 3, 3, 4, '名店と呼ばれるにふさわしい味でした。');
INSERT IGNORE INTO reviews (id, store_id, user_id, evaluation, comment) VALUES (17, 3, 4, 4, '名店と呼ばれるにふさわしい味でした。');
INSERT IGNORE INTO reviews (id, store_id, user_id, evaluation, comment) VALUES (18, 3, 5, 3, '名店と呼ばれるにふさわしい味でした。');
INSERT IGNORE INTO reviews (id, store_id, user_id, evaluation, comment) VALUES (19, 3, 6, 4, '名店と呼ばれるにふさわしい味でした。');
INSERT IGNORE INTO reviews (id, store_id, user_id, evaluation, comment) VALUES (20, 3, 7, 1, '名店と呼ばれるにふさわしい味でした。');
INSERT IGNORE INTO reviews (id, store_id, user_id, evaluation, comment) VALUES (21, 3, 8, 4, '名店と呼ばれるにふさわしい味でした。');


-- reservationsテーブル
INSERT IGNORE INTO reservations (id, store_id, user_id, reservation_date, reservation_time, number_of_people) VALUES (1, 1, 1, '2025-02-22', '16:00', 2);
INSERT IGNORE INTO reservations (id, store_id, user_id, reservation_date, reservation_time, number_of_people) VALUES (2, 3, 1, '2025-02-23', '17:00', 3);
INSERT IGNORE INTO reservations (id, store_id, user_id, reservation_date, reservation_time, number_of_people) VALUES (3, 5, 1, '2025-02-24', '16:30', 4);
INSERT IGNORE INTO reservations (id, store_id, user_id, reservation_date, reservation_time, number_of_people) VALUES (4, 4, 1, '2025-02-25', '18:00', 1);
INSERT IGNORE INTO reservations (id, store_id, user_id, reservation_date, reservation_time, number_of_people) VALUES (5, 8, 1, '2025-02-26', '19:30', 2);
INSERT IGNORE INTO reservations (id, store_id, user_id, reservation_date, reservation_time, number_of_people) VALUES (6, 9, 1, '2025-02-27', '17:30', 4);
INSERT IGNORE INTO reservations (id, store_id, user_id, reservation_date, reservation_time, number_of_people) VALUES (7, 6, 1, '2025-02-28', '18:30', 1);
INSERT IGNORE INTO reservations (id, store_id, user_id, reservation_date, reservation_time, number_of_people) VALUES (8, 7, 1, '2025-03-01', '20:00', 2);
INSERT IGNORE INTO reservations (id, store_id, user_id, reservation_date, reservation_time, number_of_people) VALUES (9, 10, 1, '2025-03-02', '21:30', 3);
INSERT IGNORE INTO reservations (id, store_id, user_id, reservation_date, reservation_time, number_of_people) VALUES (10, 11, 1, '2025-3-03', '19:00', 2);




